{"cameraMode":{"drawMode":0,"name":"Shaded","section":"Shading Mode"},"sceneLighting":false,"audioPlay":false,"sceneViewState":{"showFog":true,"showMaterialUpdate":false,"showSkybox":true,"showFlares":true,"showImageEffects":true,"showParticleSystems":true},"in2DMode":false,"pivot":{"x":-0.02600836753845215,"y":1.2268247604370118,"z":-0.2528715133666992},"rotation":{"x":-0.06829649955034256,"y":-0.8924465179443359,"z":0.14448460936546327,"w":-0.42189931869506838},"size":5.314182758331299,"orthographic":false}