{"cameraMode":{"drawMode":0,"name":"Shaded","section":"Shading Mode"},"sceneLighting":false,"audioPlay":false,"sceneViewState":{"showFog":true,"showMaterialUpdate":false,"showSkybox":true,"showFlares":true,"showImageEffects":true,"showParticleSystems":true},"in2DMode":false,"pivot":{"x":0.7562046051025391,"y":4.429190635681152,"z":-0.43221282958984377},"rotation":{"x":-0.060150668025016788,"y":-0.8738021850585938,"z":0.11202912032604218,"w":-0.4693624675273895},"size":36.655067443847659,"orthographic":false}