{"cameraMode":{"drawMode":0,"name":"Shaded","section":"Shading Mode"},"sceneLighting":false,"audioPlay":false,"sceneViewState":{"showFog":true,"showMaterialUpdate":false,"showSkybox":true,"showFlares":true,"showImageEffects":true,"showParticleSystems":true},"in2DMode":false,"pivot":{"x":-0.3531351089477539,"y":1.5939692258834839,"z":0.6435317993164063},"rotation":{"x":0.04739256575703621,"y":-0.3680269420146942,"z":0.01878267526626587,"w":0.9284166097640991},"size":5.348568439483643,"orthographic":false}