{"cameraMode":{"drawMode":0,"name":"Shaded","section":"Shading Mode"},"sceneLighting":false,"audioPlay":false,"sceneViewState":{"showFog":true,"showMaterialUpdate":false,"showSkybox":true,"showFlares":true,"showImageEffects":true,"showParticleSystems":true},"in2DMode":false,"pivot":{"x":-1.2535419464111329,"y":7.02729606628418,"z":-1.8010177612304688},"rotation":{"x":0.02514895424246788,"y":0.9454454183578491,"z":-0.07532939314842224,"w":0.3159525990486145},"size":40.35313415527344,"orthographic":false}