{"cameraMode":{"drawMode":0,"name":"Shaded","section":"Shading Mode"},"sceneLighting":false,"audioPlay":false,"sceneViewState":{"showFog":true,"showMaterialUpdate":false,"showSkybox":true,"showFlares":true,"showImageEffects":true,"showParticleSystems":true},"in2DMode":false,"pivot":{"x":-0.8261547088623047,"y":2.8552377223968508,"z":0.04587841033935547},"rotation":{"x":-0.09064161032438278,"y":-0.3236714005470276,"z":0.03117804415524006,"w":-0.941301703453064},"size":15.022383689880371,"orthographic":false}