{"cameraMode":{"drawMode":0,"name":"Shaded","section":"Shading Mode"},"sceneLighting":false,"audioPlay":false,"sceneViewState":{"showFog":true,"showMaterialUpdate":false,"showSkybox":true,"showFlares":true,"showImageEffects":true,"showParticleSystems":true},"in2DMode":false,"pivot":{"x":-0.6927766799926758,"y":0.8079127669334412,"z":0.1543349027633667},"rotation":{"x":-0.05984514579176903,"y":-0.8316673636436462,"z":0.09143979847431183,"w":-0.544414222240448},"size":1.6566588878631592,"orthographic":false}