{"cameraMode":{"drawMode":0,"name":"Shaded","section":"Shading Mode"},"sceneLighting":false,"audioPlay":false,"sceneViewState":{"showFog":true,"showMaterialUpdate":false,"showSkybox":true,"showFlares":true,"showImageEffects":true,"showParticleSystems":true},"in2DMode":false,"pivot":{"x":4.330820083618164,"y":3.662996768951416,"z":-5.305204391479492},"rotation":{"x":0.023298056796193124,"y":0.9607875943183899,"z":-0.0852588638663292,"w":0.2628217339515686},"size":38.88979721069336,"orthographic":false}