{"cameraMode":{"drawMode":0,"name":"Shaded","section":"Shading Mode"},"sceneLighting":false,"audioPlay":false,"sceneViewState":{"showFog":true,"showMaterialUpdate":false,"showSkybox":true,"showFlares":true,"showImageEffects":true,"showParticleSystems":true},"in2DMode":false,"pivot":{"x":0.9311809539794922,"y":2.691667079925537,"z":-0.4647846221923828},"rotation":{"x":0.12239094823598862,"y":0.38940009474754336,"z":-0.05231776461005211,"w":0.911400556564331},"size":22.743595123291017,"orthographic":false}