{"cameraMode":{"drawMode":0,"name":"Shaded","section":"Shading Mode"},"sceneLighting":false,"audioPlay":false,"sceneViewState":{"showFog":true,"showMaterialUpdate":false,"showSkybox":true,"showFlares":true,"showImageEffects":true,"showParticleSystems":true},"in2DMode":false,"pivot":{"x":-0.3700828552246094,"y":1.5267586708068848,"z":-0.3270854949951172},"rotation":{"x":-0.13724887371063233,"y":-0.4296078383922577,"z":0.06625740230083466,"w":-0.8900617957115173},"size":12.419706344604493,"orthographic":false}