{"cameraMode":{"drawMode":0,"name":"Shaded","section":"Shading Mode"},"sceneLighting":false,"audioPlay":false,"sceneViewState":{"showFog":true,"showMaterialUpdate":false,"showSkybox":true,"showFlares":true,"showImageEffects":true,"showParticleSystems":true},"in2DMode":false,"pivot":{"x":0.2335348129272461,"y":1.8707000017166138,"z":0.3465123176574707},"rotation":{"x":0.01166351418942213,"y":-0.2356465756893158,"z":0.0028242485132068397,"w":0.9717647433280945},"size":5.4728007316589359,"orthographic":false}