{"cameraMode":{"drawMode":0,"name":"Shaded","section":"Shading Mode"},"sceneLighting":false,"audioPlay":false,"sceneViewState":{"showFog":true,"showMaterialUpdate":false,"showSkybox":true,"showFlares":true,"showImageEffects":true,"showParticleSystems":true},"in2DMode":false,"pivot":{"x":-1.014608383178711,"y":5.47695255279541,"z":-0.8208694458007813},"rotation":{"x":0.02514895424246788,"y":0.9454454183578491,"z":-0.07532939314842224,"w":0.3159525990486145},"size":18.146076202392579,"orthographic":false}